GPS Week,GPS TOW [s],Pos Mode,INS Mode,Hdg Mode,SVs Tracked,SVs Used,UTC Date,UTC Time,Lat [deg],Lon [deg],Alt Ellips [m],SOG [m/s],COG [deg],Hdg [deg],Horiz Vel [m/s],Vert Vel [m/s],Roll [deg],Pitch [deg],Yaw [deg],PDOP,HDOP,EHPE [m],EVPE [m],EHVE [m/s],EVVE [m/s],Baseline 2D [m],Baseline 3D [m],Corr. Age [s],Delta TOW [ms],2D Delta Pos [m],3D Delta Pos [m]
2293,391161.6,4,0,,19,15,12/21/2023,39:03.6,45.50109129,9.156006082,173.1535,0.02,204.444,,0.01,-0.01,,,,1.6,0.8,0.07,0.18,0.09,0.23,205.765,206.216,1.6,,,
2293,391161.7,4,0,,,15,12/21/2023,39:03.7,45.50109129,9.156006076,173.1552,0.01,326.31,,0,0.01,,,,1.6,0.8,0.07,0.18,0.09,0.23,205.765,206.215,1.7,100,0.001,0.002
2293,391161.8,4,0,,,15,12/21/2023,39:03.8,45.50109129,9.156006082,173.1546,0.01,129.806,,0.01,-0.01,,,,1.6,0.8,0.07,0.18,0.09,0.23,205.765,206.215,1.8,100,0,0.001
2293,391161.9,4,0,,,15,12/21/2023,39:03.9,45.50109128,9.156006084,173.156,0.01,123.69,,0,0,,,,1.6,0.8,0.07,0.18,0.09,0.23,205.764,206.214,1.9,100,0,0.001
2293,391162,4,0,,,15,12/21/2023,39:04.0,45.5010913,9.156006091,173.1527,0.03,16.699,,0.01,-0.03,,,,1.6,0.8,0.08,0.18,0.09,0.23,205.764,206.215,2,100,0.001,0.004
2293,391162.1,4,0,,24,15,12/21/2023,39:04.1,45.50109129,9.156006087,173.1549,0.02,180,,0.01,0.01,,,,1.6,0.8,0.08,0.18,0.09,0.23,205.764,206.214,2.1,100,0.001,0.003
2293,391162.2,4,0,,,15,12/21/2023,39:04.2,45.50109129,9.156006089,173.1549,0.01,45,,0.01,-0.01,,,,1.6,0.8,0.08,0.19,0.09,0.23,205.764,206.214,2.2,100,0.001,0.001
2293,391162.3,4,0,,,15,12/21/2023,39:04.3,45.50109129,9.156006095,173.154,0.02,63.435,,0,-0.01,,,,1.6,0.8,0.08,0.19,0.09,0.23,205.763,206.214,2.3,100,0.001,0.001
2293,391162.4,4,0,,,15,12/21/2023,39:04.4,45.50109129,9.156006087,173.1557,0.01,198.435,,0.01,0.01,,,,1.6,0.8,0.08,0.19,0.09,0.23,205.764,206.214,2.4,100,0.001,0.002
2293,391162.5,4,0,,,15,12/21/2023,39:04.5,45.50109129,9.156006095,173.1538,0.02,98.13,,0.01,-0.02,,,,1.6,0.8,0.08,0.19,0.09,0.23,205.764,206.215,2.5,100,0.001,0.002
2293,391162.6,4,0,,19,15,12/21/2023,39:04.6,45.50109128,9.156006097,173.1539,0.02,146.31,,0.01,-0.01,,,,1.6,0.8,0.08,0.19,0.09,0.23,205.763,206.213,2.6,100,0.001,0.001
2293,391162.7,4,0,,,15,12/21/2023,39:04.7,45.50109128,9.156006086,173.1559,0.01,63.435,,0,0.01,,,,1.6,0.8,0.07,0.18,0.09,0.23,205.764,206.214,1.7,100,0.001,0.002
2293,391162.8,4,0,,,15,12/21/2023,39:04.8,45.50109131,9.156006095,173.1521,0.05,19.093,,0.03,-0.04,,,,1.6,0.8,0.08,0.18,0.09,0.23,205.764,206.214,1.8,100,0.003,0.005
2293,391162.9,4,0,,,15,12/21/2023,39:04.9,45.5010913,9.156006084,173.152,0.02,202.62,,0.01,-0.02,,,,1.6,0.8,0.08,0.19,0.09,0.22,205.764,206.215,1.9,100,0.002,0.002
2293,391163,4,0,,,15,12/21/2023,39:05.0,45.5010913,9.156006084,173.154,0.01,90,,0,0.01,,,,1.6,0.8,0.08,0.2,0.09,0.22,205.764,206.215,2,100,0,0.002
2293,391163.1,4,0,,24,15,12/21/2023,39:05.1,45.5010913,9.156006076,173.1586,0.03,319.399,,0.01,0.03,,,,1.6,0.8,0.08,0.2,0.09,0.22,205.765,206.216,2.1,100,0.001,0.005
2293,391163.2,4,0,,,15,12/21/2023,39:05.2,45.50109131,9.156006088,173.1512,0.07,74.745,,0.01,-0.07,,,,1.6,0.8,0.08,0.2,0.09,0.22,205.765,206.215,2.2,100,0.001,0.007
2293,391163.3,4,0,,,15,12/21/2023,39:05.3,45.50109129,9.156006079,173.15,0.01,206.565,,0,0.01,,,,1.6,0.8,0.08,0.19,0.09,0.22,205.765,206.216,1.3,100,0.002,0.002
2293,391163.4,4,0,,,15,12/21/2023,39:05.4,45.50109129,9.156006084,173.1499,0.01,104.036,,0,-0.01,,,,1.6,0.8,0.08,0.19,0.09,0.22,205.764,206.215,1.4,100,0,0
2293,391163.5,4,0,,,15,12/21/2023,39:05.5,45.50109129,9.156006085,173.1505,0.01,104.036,,0,0,,,,1.6,0.8,0.08,0.19,0.09,0.22,205.764,206.215,1.5,100,0,0.001
2293,391163.6,4,0,,19,15,12/21/2023,39:05.6,45.5010913,9.156006083,173.149,0.02,303.69,,0,-0.02,,,,1.6,0.8,0.08,0.19,0.09,0.22,205.764,206.215,1.6,100,0,0.001
2293,391163.7,4,0,,,15,12/21/2023,39:05.7,45.5010913,9.156006088,173.1488,0.01,71.565,,0.01,-0.01,,,,1.6,0.8,0.08,0.2,0.09,0.22,205.764,206.215,1.7,100,0.001,0.001
2293,391163.8,4,0,,,15,12/21/2023,39:05.8,45.5010913,9.156006088,173.1505,0.01,165.964,,0,0.01,,,,1.6,0.8,0.08,0.2,0.09,0.22,205.764,206.215,1.8,100,0,0.002
2293,391163.9,4,0,,,15,12/21/2023,39:05.9,45.5010913,9.156006072,173.1517,0.01,284.036,,0.01,0.01,,,,1.6,0.8,0.08,0.2,0.09,0.22,205.765,206.216,1.9,100,0.001,0.002
2293,391164,4,0,,,15,12/21/2023,39:06.0,45.5010913,9.15600608,173.1498,0.02,80.538,,0.01,-0.02,,,,1.6,0.8,0.08,0.2,0.09,0.22,205.765,206.216,2,100,0.001,0.002
2293,391164.1,4,0,,24,15,12/21/2023,39:06.1,45.50109131,9.15600609,173.1479,0.02,78.69,,0.01,-0.02,,,,1.6,0.8,0.08,0.2,0.09,0.22,205.764,206.215,2.1,100,0.001,0.002
2293,391164.2,4,0,,,15,12/21/2023,39:06.2,45.5010913,9.156006083,173.15,0.01,189.462,,0.01,0,,,,1.6,0.8,0.09,0.2,0.09,0.22,205.764,206.215,2.2,100,0.001,0.002
2293,391164.3,4,0,,,15,12/21/2023,39:06.3,45.5010913,9.156006074,173.1519,0.03,30.964,,0.01,-0.03,,,,1.6,0.8,0.07,0.18,0.09,0.22,205.765,206.216,1.3,100,0.001,0.002
2293,391164.4,4,0,,,15,12/21/2023,39:06.4,45.5010913,9.156006072,173.1541,0.02,153.435,,0,0.02,,,,1.6,0.8,0.08,0.18,0.09,0.22,205.765,206.216,1.4,100,0,0.002
2293,391164.5,4,0,,,15,12/21/2023,39:06.5,45.50109128,9.15600606,173.1549,0.02,210.256,,0.01,0.01,,,,1.6,0.8,0.08,0.18,0.09,0.22,205.766,206.216,1.5,100,0.002,0.002
2293,391164.6,4,0,,19,15,12/21/2023,39:06.6,45.50109128,9.156006074,173.156,0.01,106.699,,0.01,0.01,,,,1.6,0.8,0.08,0.18,0.09,0.22,205.765,206.215,1.6,100,0.001,0.002
2293,391164.7,4,0,,,15,12/21/2023,39:06.7,45.50109129,9.156006073,173.1544,0.02,0,,0.01,-0.01,,,,1.6,0.8,0.08,0.19,0.09,0.22,205.765,206.216,1.7,100,0.001,0.002
2293,391164.8,4,0,,,15,12/21/2023,39:06.8,45.50109129,9.15600608,173.1521,0.02,139.399,,0.01,-0.02,,,,1.6,0.8,0.08,0.19,0.09,0.22,205.765,206.216,1.8,100,0.001,0.002
2293,391164.9,4,0,,,15,12/21/2023,39:06.9,45.50109128,9.156006078,173.1501,0.03,173.66,,0.01,-0.03,,,,1.6,0.8,0.08,0.19,0.09,0.22,205.765,206.216,1.9,100,0.001,0.002
2293,391165,4,0,,,15,12/21/2023,39:07.0,45.50109129,9.156006092,173.1487,0.02,65.556,,0.01,-0.01,,,,1.6,0.8,0.08,0.19,0.09,0.22,205.764,206.215,2,100,0.001,0.002
2293,391165.1,4,0,,24,15,12/21/2023,39:07.1,45.50109128,9.156006092,173.1533,0.05,176.186,,0.02,0.04,,,,1.6,0.8,0.09,0.2,0.09,0.22,205.764,206.214,2.1,100,0.001,0.005
2293,391165.2,4,0,,,15,12/21/2023,39:07.2,45.50109128,9.156006083,173.1522,0.01,243.435,,0,-0.01,,,,1.6,0.8,0.09,0.2,0.09,0.22,205.764,206.214,2.2,100,0.001,0.001
2293,391165.3,4,0,,,15,12/21/2023,39:07.3,45.50109128,9.156006099,173.1506,0.02,94.764,,0.01,-0.01,,,,1.6,0.8,0.09,0.2,0.09,0.22,205.763,206.214,2.3,100,0.001,0.002
2293,391165.4,4,0,,,15,12/21/2023,39:07.4,45.50109126,9.156006082,173.1539,0.02,279.462,,0.01,0.02,,,,1.6,0.8,0.08,0.19,0.09,0.22,205.763,206.214,1.4,100,0.002,0.004
2293,391165.5,4,0,,,15,12/21/2023,39:07.5,45.50109126,9.156006097,173.1509,0.03,129.289,,0.01,-0.03,,,,1.6,0.8,0.08,0.2,0.09,0.22,205.762,206.213,1.5,100,0.001,0.003
2293,391165.6,4,0,,19,15,12/21/2023,39:07.6,45.50109126,9.156006081,173.1515,0.01,243.435,,0.01,0.01,,,,1.6,0.8,0.08,0.2,0.09,0.21,205.764,206.215,1.6,100,0.001,0.001
2293,391165.7,4,0,,,15,12/21/2023,39:07.7,45.50109127,9.156006083,173.1502,0.02,18.435,,0.01,-0.01,,,,1.6,0.8,0.09,0.2,0.09,0.21,205.763,206.214,1.7,100,0.001,0.002
2293,391165.8,4,0,,,15,12/21/2023,39:07.8,45.50109127,9.156006091,173.1518,0.02,144.462,,0.01,0.02,,,,1.6,0.8,0.09,0.21,0.09,0.21,205.763,206.214,1.8,100,0.001,0.002
2293,391165.9,4,0,,,15,12/21/2023,39:07.9,45.50109126,9.156006076,173.1522,0.01,270,,0.01,-0.01,,,,1.6,0.8,0.09,0.21,0.09,0.21,205.764,206.215,1.9,100,0.001,0.001
2293,391166,4,0,,,15,12/21/2023,39:08.0,45.50109126,9.156006079,173.1514,0.01,141.34,,0.01,-0.01,,,,1.6,0.8,0.09,0.21,0.09,0.21,205.764,206.215,2,100,0,0.001
2293,391166.1,4,0,,24,15,12/21/2023,39:08.1,45.50109127,9.156006088,173.1488,0.03,56.31,,0.01,-0.03,,,,1.6,0.8,0.09,0.21,0.09,0.21,205.763,206.214,2.1,100,0.001,0.003
2293,391166.2,4,0,,,15,12/21/2023,39:08.2,45.50109127,9.156006083,173.1494,0.01,243.435,,0,0.01,,,,1.6,0.8,0.09,0.21,0.09,0.21,205.763,206.214,2.2,100,0,0.001
2293,391166.3,4,0,,,15,12/21/2023,39:08.3,45.50109127,9.156006096,173.1487,0.01,70.017,,0.01,-0.01,,,,1.6,0.8,0.09,0.21,0.09,0.21,205.763,206.214,2.3,100,0.001,0.001
2293,391166.4,4,0,,,15,12/21/2023,39:08.4,45.50109132,9.156006115,173.1447,0.01,149.036,,0.01,0,,,,1.6,0.8,0.08,0.2,0.09,0.21,205.763,206.214,1.4,100,0.005,0.006
2293,391166.5,4,0,,,15,12/21/2023,39:08.5,45.50109132,9.156006107,173.146,0.01,225,,0.01,0.01,,,,1.6,0.8,0.09,0.2,0.09,0.21,205.764,206.215,1.5,100,0.001,0.001
2293,391166.6,4,0,,19,15,12/21/2023,39:08.6,45.50109131,9.156006099,173.1469,0.01,184.399,,0.01,0.01,,,,1.6,0.8,0.09,0.21,0.09,0.21,205.763,206.214,1.6,100,0.001,0.002
2293,391166.7,4,0,,,15,12/21/2023,39:08.7,45.50109131,9.156006109,173.145,0.02,63.435,,0.01,-0.02,,,,1.6,0.8,0.09,0.21,0.09,0.21,205.763,206.214,1.7,100,0.001,0.002
2293,391166.8,4,0,,,15,12/21/2023,39:08.8,45.50109131,9.156006131,173.1469,0.05,153.435,,0.01,0.05,,,,1.6,0.8,0.09,0.21,0.09,0.22,205.762,206.213,1.8,100,0.002,0.003
2293,391166.9,4,0,,,15,12/21/2023,39:08.9,45.50109131,9.156006147,173.1442,0.02,127.875,,0.01,-0.01,,,,1.6,0.8,0.09,0.21,0.09,0.22,205.76,206.211,1.9,100,0.001,0.003
2293,391167,4,0,,,15,12/21/2023,39:09.0,45.50109131,9.156006134,173.1454,0.02,248.962,,0.01,0.02,,,,1.6,0.8,0.09,0.21,0.09,0.22,205.761,206.212,2,100,0.001,0.002
2293,391167.1,4,0,,24,15,12/21/2023,39:09.1,45.5010913,9.156006153,173.1429,0.03,144.162,,0.02,-0.01,,,,1.6,0.8,0.09,0.21,0.09,0.22,205.759,206.211,2.1,100,0.002,0.003
2293,391167.2,4,0,,,15,12/21/2023,39:09.2,45.50109131,9.156006143,173.144,0.02,318.366,,0.01,0.02,,,,1.6,0.8,0.09,0.21,0.09,0.22,205.761,206.212,2.2,100,0.002,0.002
2293,391167.3,4,0,,,15,12/21/2023,39:09.3,45.50109132,9.156006128,173.1448,0.01,188.13,,0.01,0,,,,1.6,0.8,0.08,0.19,0.09,0.22,205.762,206.213,1.3,100,0.001,0.002
2293,391167.4,4,0,,,15,12/21/2023,39:09.4,45.50109132,9.156006133,173.1469,0.03,180,,0.01,0.03,,,,1.6,0.8,0.08,0.2,0.09,0.22,205.761,206.212,1.4,100,0,0.002
2293,391167.5,4,0,,,15,12/21/2023,39:09.5,45.50109131,9.156006133,173.1468,0.01,192.995,,0.01,0.01,,,,1.6,0.8,0.08,0.2,0.09,0.22,205.762,206.213,1.5,100,0.001,0.001
2293,391167.6,4,0,,19,15,12/21/2023,39:09.6,45.50109131,9.156006134,173.1481,0.02,225,,0,0.02,,,,1.6,0.8,0.09,0.2,0.09,0.22,205.761,206.212,1.6,100,0,0.001
2293,391167.7,4,0,,,15,12/21/2023,39:09.7,45.50109132,9.156006128,173.1447,0.03,243.435,,0,-0.03,,,,1.6,0.8,0.09,0.2,0.09,0.22,205.762,206.213,1.7,100,0.001,0.003
2293,391167.8,4,0,,,15,12/21/2023,39:09.8,45.50109131,9.156006128,173.1491,0.05,209.745,,0.01,0.04,,,,1.6,0.8,0.09,0.21,0.09,0.22,205.762,206.213,1.8,100,0,0.004
2293,391167.9,4,0,,,15,12/21/2023,39:09.9,45.5010913,9.156006135,173.1488,0.01,171.254,,0.01,0,,,,1.6,0.8,0.09,0.21,0.09,0.22,205.76,206.211,1.9,100,0.001,0.001
2293,391168,4,0,,,15,12/21/2023,39:10.0,45.5010913,9.156006143,173.1485,0.01,125.538,,0.01,0.01,,,,1.6,0.8,0.09,0.21,0.09,0.22,205.76,206.211,2,100,0.001,0.001
2293,391168.1,4,0,,24,15,12/21/2023,39:10.1,45.50109131,9.156006141,173.1484,0.01,281.31,,0.01,0,,,,1.6,0.8,0.09,0.21,0.09,0.22,205.76,206.211,2.1,100,0.001,0.001
2293,391168.2,4,0,,,15,12/21/2023,39:10.2,45.50109132,9.156006137,173.1505,0.03,320.194,,0.01,0.03,,,,1.6,0.8,0.09,0.22,0.09,0.22,205.761,206.212,2.2,100,0.001,0.002
2293,391168.3,4,0,,,15,12/21/2023,39:10.3,45.5010913,9.15600612,173.1538,0.03,150.255,,0.01,0.03,,,,1.6,0.8,0.08,0.2,0.09,0.22,205.762,206.213,1.3,100,0.002,0.004
2293,391168.4,4,0,,,15,12/21/2023,39:10.4,45.5010913,9.156006111,173.1513,0.03,198.435,,0,-0.03,,,,1.6,0.8,0.09,0.2,0.09,0.22,205.762,206.213,1.4,100,0.001,0.003
2293,391168.5,4,0,,,15,12/21/2023,39:10.5,45.5010913,9.156006112,173.1506,0.01,68.199,,0.01,-0.01,,,,1.6,0.8,0.09,0.2,0.09,0.22,205.762,206.213,1.5,100,0,0.001
2293,391168.6,4,0,,19,15,12/21/2023,39:10.6,45.5010913,9.156006131,173.146,0.05,90,,0.02,-0.05,,,,1.6,0.8,0.09,0.2,0.09,0.21,205.761,206.213,1.6,100,0.001,0.005
2293,391168.7,4,0,,,15,12/21/2023,39:10.7,45.5010913,9.156006114,173.1533,0.07,265.236,,0.01,0.07,,,,1.6,0.8,0.09,0.2,0.09,0.21,205.762,206.213,1.7,100,0.001,0.007
2293,391168.8,4,0,,,15,12/21/2023,39:10.8,45.5010913,9.15600611,173.1559,0.03,236.31,,0,0.03,,,,1.6,0.8,0.09,0.2,0.09,0.21,205.762,206.213,1.8,100,0,0.003
2293,391168.9,4,0,,,15,12/21/2023,39:10.9,45.5010913,9.156006129,173.1528,0.03,94.399,,0.01,-0.03,,,,1.6,0.8,0.09,0.2,0.09,0.21,205.761,206.212,1.9,100,0.001,0.003
2293,391169,4,0,,,15,12/21/2023,39:11.0,45.50109129,9.156006126,173.1535,0.01,173.66,,0.01,0,,,,1.6,0.8,0.09,0.21,0.09,0.22,205.761,206.212,2,100,0.001,0.001
2293,391169.1,4,0,,24,15,12/21/2023,39:11.1,45.50109129,9.156006128,173.1522,0.02,150.255,,0.01,-0.01,,,,1.6,0.8,0.09,0.21,0.09,0.22,205.761,206.212,2.1,100,0.001,0.001
2293,391169.2,4,0,,,15,12/21/2023,39:11.2,45.5010913,9.156006122,173.1574,0.03,341.565,,0.01,0.03,,,,1.6,0.8,0.08,0.19,0.09,0.22,205.761,206.212,1.2,100,0.002,0.006
2293,391169.3,4,0,,,15,12/21/2023,39:11.3,45.5010913,9.156006115,173.1583,0.02,333.435,,0,-0.01,,,,1.6,0.8,0.08,0.19,0.09,0.21,205.762,206.213,1.3,100,0.001,0.001
2293,391169.4,4,0,,,15,12/21/2023,39:11.4,45.50109128,9.156006111,173.1616,0.05,182.49,,0.02,0.04,,,,1.6,0.8,0.08,0.19,0.09,0.21,205.762,206.212,1.4,100,0.002,0.004
2293,391169.5,4,0,,,15,12/21/2023,39:11.5,45.50109127,9.1560061,173.1585,0.02,220.601,,0.01,-0.02,,,,1.6,0.8,0.08,0.19,0.09,0.21,205.763,206.213,1.5,100,0.001,0.003
2293,391169.6,4,0,,19,15,12/21/2023,39:11.6,45.50109127,9.156006101,173.1581,0.01,180,,0.01,-0.01,,,,1.6,0.8,0.08,0.19,0.09,0.21,205.762,206.213,1.6,100,0,0.001
2293,391169.7,4,0,,,15,12/21/2023,39:11.7,45.50109128,9.156006107,173.1552,0.02,56.31,,0.01,-0.02,,,,1.6,0.8,0.08,0.19,0.09,0.21,205.763,206.213,1.7,100,0.001,0.003
2293,391169.8,4,0,,,15,12/21/2023,39:11.8,45.50109127,9.156006113,173.162,0.07,135,,0.01,0.07,,,,1.6,0.8,0.08,0.2,0.09,0.21,205.761,206.212,1.8,100,0.001,0.007
2293,391169.9,4,0,,,15,12/21/2023,39:11.9,45.50109127,9.156006127,173.16,0.01,105.255,,0.01,-0.01,,,,1.6,0.8,0.09,0.2,0.09,0.21,205.761,206.211,1.9,100,0.001,0.002
2293,391170,4,0,,,15,12/21/2023,39:12.0,45.50109126,9.156006118,173.1619,0.02,201.801,,0.01,0.02,,,,1.6,0.8,0.09,0.2,0.09,0.21,205.761,206.211,2,100,0.001,0.002
2293,391170.1,4,0,,24,15,12/21/2023,39:12.1,45.50109126,9.15600612,173.1557,0.06,348.69,,0.01,-0.06,,,,1.6,0.8,0.09,0.2,0.09,0.21,205.761,206.212,2.1,100,0,0.006
2293,391170.2,4,0,,,15,12/21/2023,39:12.2,45.50109126,9.156006118,173.1608,0.04,345.964,,0,0.04,,,,1.6,0.8,0.09,0.21,0.09,0.21,205.761,206.211,2.2,100,0,0.005
2293,391170.3,4,0,,,15,12/21/2023,39:12.3,45.50109127,9.156006107,173.1617,0.02,270,,0,0.02,,,,1.6,0.8,0.09,0.21,0.09,0.21,205.762,206.213,2.3,100,0.001,0.001
2293,391170.4,4,0,,,15,12/21/2023,39:12.4,45.50109127,9.156006103,173.1578,0.03,185.194,,0.01,0.03,,,,1.6,0.8,0.09,0.2,0.09,0.21,205.762,206.213,1.4,100,0.001,0.004
2293,391170.5,4,0,,,15,12/21/2023,39:12.5,45.50109128,9.156006109,173.1579,0.01,36.87,,0.01,-0.01,,,,1.6,0.8,0.08,0.2,0.09,0.21,205.762,206.212,1.5,100,0.001,0.001
2293,391170.6,4,0,,19,15,12/21/2023,39:12.6,45.50109128,9.156006113,173.1577,0.01,36.87,,0.01,-0.01,,,,1.6,0.8,0.09,0.2,0.09,0.21,205.762,206.212,1.6,100,0.001,0.001
2293,391170.7,4,0,,,15,12/21/2023,39:12.7,45.50109128,9.156006114,173.1567,0.02,45,,0,-0.02,,,,1.6,0.8,0.09,0.2,0.09,0.21,205.762,206.212,1.7,100,0,0.001
2293,391170.8,4,0,,,15,12/21/2023,39:12.8,45.50109128,9.156006102,173.1604,0.03,191.31,,0.01,0.03,,,,1.6,0.8,0.09,0.2,0.09,0.21,205.763,206.213,1.8,100,0.001,0.004
2293,391170.9,4,0,,,15,12/21/2023,39:12.9,45.50109128,9.156006118,173.1573,0.04,86.424,,0.02,-0.04,,,,1.6,0.8,0.09,0.2,0.09,0.21,205.762,206.212,1.9,100,0.001,0.003
2293,391171,4,0,,,15,12/21/2023,39:13.0,45.50109129,9.156006128,173.1543,0.04,34.695,,0.02,-0.04,,,,1.6,0.8,0.09,0.2,0.09,0.21,205.761,206.212,2,100,0.001,0.003
2293,391171.1,4,0,,24,15,12/21/2023,39:13.1,45.50109127,9.156006117,173.1577,0.04,189.462,,0.02,0.04,,,,1.6,0.8,0.09,0.21,0.09,0.21,205.761,206.212,2.1,100,0.002,0.004
2293,391171.2,4,0,,,15,12/21/2023,39:13.2,45.50109127,9.156006111,173.1624,0.05,329.036,,0.01,0.05,,,,1.6,0.8,0.09,0.21,0.09,0.21,205.762,206.212,2.2,100,0.001,0.005
2293,391171.3,4,0,,,15,12/21/2023,39:13.3,45.50109128,9.156006117,173.1607,0.02,41.186,,0.01,-0.02,,,,1.6,0.8,0.09,0.21,0.09,0.21,205.762,206.212,2.3,100,0.001,0.002
2293,391171.4,4,0,,,15,12/21/2023,39:13.4,45.50109128,9.15600612,173.1612,0.01,63.435,,0.01,0,,,,1.6,0.8,0.09,0.22,0.09,0.21,205.762,206.212,2.4,100,0,0.001
2293,391171.5,4,0,,,15,12/21/2023,39:13.5,45.5010913,9.1560061,173.1612,0.02,315,,0,0.02,,,,1.6,0.8,0.08,0.2,0.09,0.21,205.763,206.214,1.5,100,0.003,0.003
2293,391171.6,4,0,,19,15,12/21/2023,39:13.6,45.50109131,9.156006105,173.1599,0.02,56.31,,0.01,-0.02,,,,1.6,0.8,0.09,0.2,0.09,0.21,205.763,206.214,1.6,100,0,0.001
2293,391171.7,4,0,,,15,12/21/2023,39:13.7,45.50109131,9.156006104,173.1628,0.03,0,,0,0.03,,,,1.6,0.8,0.09,0.2,0.09,0.21,205.764,206.214,1.7,100,0,0.003
2293,391171.8,4,0,,,15,12/21/2023,39:13.8,45.5010913,9.156006096,173.1649,0.03,195.945,,0.01,0.03,,,,1.6,0.8,0.09,0.2,0.09,0.21,205.763,206.213,1.8,100,0.001,0.002
2293,391171.9,4,0,,,15,12/21/2023,39:13.9,45.5010913,9.156006109,173.1635,0.01,119.745,,0.01,-0.01,,,,1.6,0.8,0.09,0.2,0.09,0.21,205.762,206.212,1.9,100,0.001,0.002
2293,391172,4,0,,,15,12/21/2023,39:14.0,45.50109129,9.156006102,173.1629,0.01,185.711,,0.01,0,,,,1.6,0.8,0.09,0.21,0.09,0.21,205.763,206.213,2,100,0.001,0.001
2293,391172.1,4,0,,24,15,12/21/2023,39:14.1,45.5010913,9.156006122,173.1613,0.03,61.928,,0.02,-0.03,,,,1.6,0.8,0.09,0.21,0.09,0.21,205.761,206.211,2.1,100,0.002,0.002
2293,391172.2,4,0,,,15,12/21/2023,39:14.2,45.5010913,9.156006111,173.1608,0.01,305.538,,0.01,0,,,,1.6,0.8,0.09,0.21,0.09,0.21,205.762,206.213,2.2,100,0.001,0.001
2293,391172.3,4,0,,,15,12/21/2023,39:14.3,45.50109129,9.156006104,173.1596,0.02,182.862,,0.02,-0.01,,,,1.6,0.8,0.09,0.21,0.09,0.21,205.763,206.213,2.3,100,0.002,0.002
2293,391172.4,4,0,,,15,12/21/2023,39:14.4,45.50109129,9.156006123,173.156,0.01,80.538,,0.01,-0.01,,,,1.6,0.8,0.08,0.19,0.09,0.21,205.761,206.212,1.4,100,0.002,0.004
2293,391172.5,4,0,,,15,12/21/2023,39:14.5,45.5010913,9.156006123,173.1559,0.01,26.565,,0.01,0,,,,1.6,0.8,0.08,0.2,0.09,0.21,205.761,206.212,1.5,100,0.001,0.001
2293,391172.6,4,0,,19,15,12/21/2023,39:14.6,45.50109129,9.156006126,173.1599,0.04,161.565,,0.01,0.04,,,,1.6,0.8,0.09,0.2,0.09,0.21,205.761,206.211,1.6,100,0.001,0.004
2293,391172.7,4,0,,,15,12/21/2023,39:14.7,45.50109129,9.156006118,173.1575,0.02,219.806,,0.01,-0.02,,,,1.6,0.8,0.09,0.2,0.09,0.21,205.762,206.212,1.7,100,0.001,0.003
2293,391172.8,4,0,,,15,12/21/2023,39:14.8,45.50109128,9.156006104,173.1582,0.01,230.194,,0.01,0.01,,,,1.6,0.8,0.09,0.2,0.09,0.21,205.763,206.213,1.8,100,0.001,0.001
2293,391172.9,4,0,,,15,12/21/2023,39:14.9,45.50109128,9.15600611,173.1597,0.02,125.538,,0.01,0.02,,,,1.6,0.8,0.09,0.2,0.09,0.21,205.762,206.212,1.9,100,0.001,0.002
2293,391173,4,0,,,15,12/21/2023,39:15.0,45.50109127,9.156006121,173.1612,0.02,146.31,,0.01,0.01,,,,1.6,0.8,0.09,0.21,0.09,0.21,205.761,206.211,2,100,0.001,0.002
2293,391173.1,4,0,,24,15,12/21/2023,39:15.1,45.50109128,9.156006121,173.1592,0.01,56.31,,0,-0.01,,,,1.6,0.8,0.09,0.21,0.09,0.21,205.761,206.211,2.1,100,0,0.002
2293,391173.2,4,0,,,15,12/21/2023,39:15.2,45.50109129,9.156006125,173.157,0.02,5.194,,0.01,-0.02,,,,1.6,0.8,0.09,0.21,0.09,0.21,205.761,206.211,2.2,100,0.001,0.003
2293,391173.3,4,0,,,15,12/21/2023,39:15.3,45.50109128,9.156006113,173.1581,0.06,178.21,,0.03,0.05,,,,1.6,0.8,0.08,0.19,0.09,0.21,205.762,206.212,1.3,100,0.002,0.002
2293,391173.4,4,0,,,15,12/21/2023,39:15.4,45.50109127,9.156006133,173.1575,0.01,102.995,,0.01,-0.01,,,,1.6,0.8,0.08,0.19,0.09,0.21,205.761,206.211,1.4,100,0.002,0.002
2293,391173.5,4,0,,,15,12/21/2023,39:15.5,45.50109128,9.156006121,173.1579,0.01,281.31,,0.01,0.01,,,,1.6,0.8,0.08,0.19,0.09,0.21,205.761,206.211,1.5,100,0.001,0.001
2293,391173.6,4,0,,19,15,12/21/2023,39:15.6,45.50109128,9.15600613,173.1554,0.02,63.435,,0,-0.02,,,,1.6,0.8,0.08,0.19,0.09,0.21,205.761,206.211,1.6,100,0.001,0.003
2293,391173.7,4,0,,,15,12/21/2023,39:15.7,45.50109127,9.156006138,173.1528,0.02,119.055,,0.01,-0.02,,,,1.6,0.8,0.08,0.2,0.09,0.21,205.76,206.211,1.7,100,0.001,0.003
2293,391173.8,4,0,,,15,12/21/2023,39:15.8,45.50109126,9.156006111,173.1591,0.06,241.928,,0.02,0.06,,,,1.6,0.8,0.09,0.2,0.09,0.21,205.761,206.212,1.8,100,0.002,0.007
2293,391173.9,4,0,,,15,12/21/2023,39:15.9,45.50109127,9.156006129,173.1553,0.04,51.34,,0.01,-0.04,,,,1.6,0.8,0.09,0.2,0.09,0.21,205.761,206.211,1.9,100,0.002,0.004
2293,391174,4,0,,,15,12/21/2023,39:16.0,45.50109128,9.156006126,173.1538,0.01,336.038,,0.01,-0.01,,,,1.6,0.8,0.09,0.2,0.09,0.21,205.761,206.211,2,100,0.001,0.002
2293,391174.1,4,0,,24,15,12/21/2023,39:16.1,45.50109127,9.156006125,173.1573,0.02,108.435,,0,0.02,,,,1.6,0.8,0.09,0.2,0.09,0.21,205.761,206.211,2.1,100,0.001,0.004
2293,391174.2,4,0,,,15,12/21/2023,39:16.2,45.50109127,9.15600612,173.1591,0.02,164.055,,0.01,0.02,,,,1.6,0.8,0.09,0.2,0.09,0.21,205.761,206.212,2.2,100,0.001,0.002
2293,391174.3,4,0,,,15,12/21/2023,39:16.3,45.50109128,9.156006138,173.1538,0.05,28.301,,0.01,-0.04,,,,1.6,0.8,0.09,0.21,0.09,0.21,205.76,206.211,2.3,100,0.002,0.006
2293,391174.4,4,0,,,15,12/21/2023,39:16.4,45.50109129,9.156006112,173.1508,0.01,214.992,,0.01,0.01,,,,1.6,0.8,0.08,0.19,0.09,0.21,205.762,206.213,1.4,100,0.002,0.004
2293,391174.5,4,0,,,15,12/21/2023,39:16.5,45.50109128,9.156006118,173.1508,0.02,158.199,,0.02,0,,,,1.6,0.8,0.08,0.19,0.09,0.21,205.762,206.213,1.5,100,0.001,0.001
2293,391174.6,4,0,,19,15,12/21/2023,39:16.6,45.50109129,9.156006115,173.1502,0.01,0,,0.01,-0.01,,,,1.6,0.8,0.08,0.19,0.09,0.21,205.762,206.213,1.6,100,0.001,0.001
2293,391174.7,4,0,,,15,12/21/2023,39:16.7,45.50109129,9.156006128,173.1518,0.02,94.399,,0.01,0.02,,,,1.6,0.8,0.08,0.2,0.09,0.21,205.761,206.212,1.7,100,0.001,0.002
2293,391174.8,4,0,,,15,12/21/2023,39:16.8,45.50109128,9.156006116,173.1497,0.04,206.565,,0.01,-0.04,,,,1.6,0.8,0.09,0.2,0.09,0.21,205.762,206.213,1.8,100,0.001,0.002
2293,391174.9,4,0,,,15,12/21/2023,39:16.9,45.50109128,9.15600612,173.1553,0.06,108.435,,0,0.06,,,,1.6,0.8,0.09,0.2,0.09,0.21,205.762,206.212,1.9,100,0,0.006
2293,391175,4,0,,,15,12/21/2023,39:17.0,45.50109129,9.156006093,173.1581,0.03,293.629,,0.02,0.02,,,,1.6,0.8,0.09,0.21,0.09,0.21,205.764,206.214,2,100,0.002,0.004
2293,391175.1,4,0,,24,15,12/21/2023,39:17.1,45.50109128,9.156006089,173.1571,0.01,180,,0.01,0,,,,1.6,0.8,0.09,0.21,0.09,0.21,205.764,206.214,2.1,100,0.001,0.001
2293,391175.2,4,0,,,15,12/21/2023,39:17.2,45.50109129,9.156006093,173.1568,0.01,29.745,,0.01,-0.01,,,,1.6,0.8,0.09,0.21,0.09,0.21,205.764,206.214,2.2,100,0.001,0.001
2293,391175.3,4,0,,,15,12/21/2023,39:17.3,45.50109129,9.156006102,173.1569,0.01,104.036,,0.01,0,,,,1.6,0.8,0.09,0.2,0.09,0.21,205.763,206.213,2.3,100,0.001,0.001
2293,391175.4,4,0,,,15,12/21/2023,39:17.4,45.50109132,9.156006076,173.157,0.03,329.036,,0.02,0.02,,,,1.6,0.8,0.08,0.19,0.09,0.21,205.766,206.216,1.4,100,0.004,0.004
2293,391175.5,4,0,,,15,12/21/2023,39:17.5,45.50109132,9.156006073,173.1582,0.01,315,,0,0.01,,,,1.6,0.8,0.08,0.19,0.09,0.21,205.766,206.216,1.5,100,0,0.001
2293,391175.6,4,0,,19,15,12/21/2023,39:17.6,45.50109131,9.156006064,173.1586,0.01,200.556,,0.01,0,,,,1.6,0.8,0.08,0.2,0.09,0.21,205.767,206.217,1.6,100,0.001,0.001
2293,391175.7,4,0,,,15,12/21/2023,39:17.7,45.50109132,9.15600608,173.1549,0.05,58.392,,0.02,-0.04,,,,1.6,0.8,0.09,0.2,0.09,0.21,205.766,206.216,1.7,100,0.002,0.004
2293,391175.8,4,0,,,15,12/21/2023,39:17.8,45.50109133,9.156006088,173.1587,0.04,63.435,,0,0.04,,,,1.6,0.8,0.09,0.2,0.09,0.21,205.765,206.215,1.8,100,0.001,0.004
2293,391175.9,4,0,,,15,12/21/2023,39:17.9,45.50109132,9.15600607,173.1615,0.02,228.814,,0.01,0.01,,,,1.6,0.8,0.09,0.2,0.09,0.21,205.766,206.216,1.9,100,0.002,0.003
2293,391176,4,0,,,15,12/21/2023,39:18.0,45.5010913,9.156006077,173.163,0.02,138.814,,0.02,0.01,,,,1.6,0.8,0.09,0.21,0.09,0.21,205.765,206.215,2,100,0.002,0.003
2293,391176.1,4,0,,24,15,12/21/2023,39:18.1,45.50109131,9.156006096,173.1572,0.07,66.801,,0.02,-0.07,,,,1.6,0.8,0.09,0.21,0.09,0.21,205.763,206.214,2.1,100,0.002,0.006
2293,391176.2,4,0,,,15,12/21/2023,39:18.2,45.5010913,9.156006084,173.1559,0.02,213.69,,0.01,-0.02,,,,1.6,0.8,0.09,0.21,0.09,0.21,205.764,206.215,2.2,100,0.001,0.002
2293,391176.3,4,0,,,15,12/21/2023,39:18.3,45.50109131,9.156006113,173.1567,0.05,104.036,,0.01,0.05,,,,1.6,0.8,0.09,0.21,0.09,0.22,205.763,206.213,2.3,100,0.003,0.003
2293,391176.4,4,0,,,15,12/21/2023,39:18.4,45.50109131,9.156006101,173.1588,0.03,247.38,,0.01,0.02,,,,1.6,0.8,0.09,0.21,0.09,0.22,205.764,206.214,2.4,100,0.001,0.002
2293,391176.5,4,0,,,15,12/21/2023,39:18.5,45.50109132,9.156006109,173.1566,0.02,32.005,,0.01,-0.01,,,,1.6,0.8,0.09,0.2,0.09,0.22,205.763,206.213,2.5,100,0.001,0.003
2293,391176.6,4,0,,19,15,12/21/2023,39:18.6,45.50109134,9.156006108,173.1551,0.01,33.69,,0.01,0,,,,1.6,0.8,0.08,0.19,0.09,0.22,205.764,206.215,1.6,100,0.001,0.002
2293,391176.7,4,0,,,15,12/21/2023,39:18.7,45.50109132,9.156006108,173.1571,0.02,183.814,,0.02,0.01,,,,1.6,0.8,0.08,0.19,0.09,0.22,205.763,206.213,1.7,100,0.001,0.002
2293,391176.8,4,0,,,15,12/21/2023,39:18.8,45.50109132,9.156006106,173.157,0.01,180,,0.01,0.01,,,,1.6,0.8,0.08,0.19,0.09,0.22,205.764,206.214,1.8,100,0,0
2293,391176.9,4,0,,,15,12/21/2023,39:18.9,45.50109133,9.156006114,173.1544,0.02,38.66,,0.01,-0.02,,,,1.6,0.8,0.08,0.2,0.09,0.22,205.763,206.214,1.9,100,0.001,0.003
,,,,,,,,,,,,,,,,,,,,,,,,,,,,,,,
,,,,,,,,,45.50109129,9.156006105,173.1543851,,,,,,,,,,,,,,,,,,,,
