GPS Week,GPS TOW [s],UTC Date,UTC Time,Fix Mode,GPS L1,GPS L2,GPS L5,GLO G1,GLO G2,GLO L5,GAL E1,GAL E2,GAL E5,BDS B1,BDS B2,BDS B5,1 L1,1 L2,1 L5,2 L1,2 L2,2 L5,3 L1,3 L2,3 L5,4 L1,4 L2,4 L5,5 L1,5 L2,5 L5,6 L1,6 L2,6 L5,7 L1,7 L2,7 L5,8 L1,8 L2,8 L5,9 L1,9 L2,9 L5,10 L1,10 L2,10 L5,11 L1,11 L2,11 L5,12 L1,12 L2,12 L5,13 L1,13 L2,13 L5,14 L1,14 L2,14 L5,15 L1,15 L2,15 L5,16 L1,16 L2,16 L5,17 L1,17 L2,17 L5,18 L1,18 L2,18 L5,19 L1,19 L2,19 L5,20 L1,20 L2,20 L5,21 L1,21 L2,21 L5,22 L1,22 L2,22 L5,23 L1,23 L2,23 L5,24 L1,24 L2,24 L5,25 L1,25 L2,25 L5,26 L1,26 L2,26 L5,27 L1,27 L2,27 L5,28 L1,28 L2,28 L5,29 L1,29 L2,29 L5,30 L1,30 L2,30 L5,31 L1,31 L2,31 L5,32 L1,32 L2,32 L5,1 G1,1 G2,1 G5,2 G1,2 G2,2 G5,3 G1,3 G2,3 G5,4 G1,4 G2,4 G5,5 G1,5 G2,5 G5,6 G1,6 G2,6 G5,7 G1,7 G2,7 G5,8 G1,8 G2,8 G5,9 G1,9 G2,9 G5,10 G1,10 G2,10 G5,11 G1,11 G2,11 G5,12 G1,12 G2,12 G5,13 G1,13 G2,13 G5,14 G1,14 G2,14 G5,15 G1,15 G2,15 G5,16 G1,16 G2,16 G5,17 G1,17 G2,17 G5,18 G1,18 G2,18 G5,19 G1,19 G2,19 G5,20 G1,20 G2,20 G5,21 G1,21 G2,21 G5,22 G1,22 G2,22 G5,23 G1,23 G2,23 G5,24 G1,24 G2,24 G5,25 G1,25 G2,25 G5,26 G1,26 G2,26 G5,27 G1,27 G2,27 G5,28 G1,28 G2,28 G5,1 E1,1 E2,1 E5,2 E1,2 E2,2 E5,3 E1,3 E2,3 E5,4 E1,4 E2,4 E5,5 E1,5 E2,5 E5,6 E1,6 E2,6 E5,7 E1,7 E2,7 E5,8 E1,8 E2,8 E5,9 E1,9 E2,9 E5,10 E1,10 E2,10 E5,11 E1,11 E2,11 E5,12 E1,12 E2,12 E5,13 E1,13 E2,13 E5,14 E1,14 E2,14 E5,15 E1,15 E2,15 E5,16 E1,16 E2,16 E5,17 E1,17 E2,17 E5,18 E1,18 E2,18 E5,19 E1,19 E2,19 E5,20 E1,20 E2,20 E5,21 E1,21 E2,21 E5,22 E1,22 E2,22 E5,23 E1,23 E2,23 E5,24 E1,24 E2,24 E5,25 E1,25 E2,25 E5,26 E1,26 E2,26 E5,27 E1,27 E2,27 E5,28 E1,28 E2,28 E5,29 E1,29 E2,29 E5,30 E1,30 E2,30 E5,31 E1,31 E2,31 E5,32 E1,32 E2,32 E5,33 E1,33 E2,33 E5,34 E1,34 E2,34 E5,35 E1,35 E2,35 E5,36 E1,36 E2,36 E5,1 B1,1 B2,1 B5,2 B1,2 B2,2 B5,3 B1,3 B2,3 B5,4 B1,4 B2,4 B5,5 B1,5 B2,5 B5,6 B1,6 B2,6 B5,7 B1,7 B2,7 B5,8 B1,8 B2,8 B5,9 B1,9 B2,9 B5,10 B1,10 B2,10 B5,11 B1,11 B2,11 B5,12 B1,12 B2,12 B5,13 B1,13 B2,13 B5,14 B1,14 B2,14 B5,15 B1,15 B2,15 B5,16 B1,16 B2,16 B5,17 B1,17 B2,17 B5,18 B1,18 B2,18 B5,19 B1,19 B2,19 B5,20 B1,20 B2,20 B5,21 B1,21 B2,21 B5,22 B1,22 B2,22 B5,23 B1,23 B2,23 B5,24 B1,24 B2,24 B5,25 B1,25 B2,25 B5,26 B1,26 B2,26 B5,27 B1,27 B2,27 B5,28 B1,28 B2,28 B5,29 B1,29 B2,29 B5,30 B1,30 B2,30 B5,31 B1,31 B2,31 B5,32 B1,32 B2,32 B5,33 B1,33 B2,33 B5,34 B1,34 B2,34 B5,35 B1,35 B2,35 B5,36 B1,36 B2,36 B5,SBAS SV,SBAS CNo
2293,391161.600,2023-12-21,12:39:03.600,4,9,6,,,,,3,3,,6,2,,,,,,,,,,,,,,,,,,,,,,,,,,,,,39.5,32.8,,,,,52.3,48.8,,51.3,,,,,,54.3,49.3,,,,,43.3,33.0,,,,,50.8,,,,,,,,,43.5,,,48.8,44.8,,49.5,47.5,,,,,,,,,,,,,,,,,,,,,,,,,,,,,,,,,,,,,,,,,,,,,,,,,,,,,,,,,,,,,,,,,,,,,,,,,,,,,,,,,,,,,,,,,,,,,,,,,,,,,,,,,,,,,,,,,,,,,,,50.5,49.3,,,,,,,,,,,,,,,,,,,,,,,,,,,,,,,,,,,,,,,,,,,,48.5,48.3,,,,,48.0,47.5,,,,,,,,,,,,,,,,,,,,,,,,,,,,,,,,,,,,,,,,,,,,,,,,,,,,,,,,,,,,,,,,,,,,,,,,,,37.0,25.8,,,,,,,,,,,52.5,54.3,,,,,,,,,,,,,,,,,,,,,,,,,,,,,55.0,,,,,,51.5,,,,,,,,,,,,,,,,,,,,,48.8,,,,,,40.8,,,,,,123,50.8
2293,391162.100,2023-12-21,12:39:04.100,4,9,6,,5,5,,3,3,,6,2,,,,,,,,,,,,,,,,,,,,,,,,,,,,,39.3,33.5,,,,,52.0,48.5,,51.0,,,,,,54.0,49.0,,,,,43.3,33.0,,,,,50.3,,,,,,,,,43.0,,,48.8,44.8,,49.0,47.3,,,,,,,,,,,,,,,,,,,,,,,,,,,,,,,,,,,41.5,35.3,,,,,,,,,,,55.5,50.8,,51.0,43.3,,33.5,36.3,,,,,,,,,,,50.8,51.3,,,,,,,,,,,,,,,,,,,,,,,,,,,,,,,,,,,,,,,,,,,,,,,,,,,,,50.5,49.3,,,,,,,,,,,,,,,,,,,,,,,,,,,,,,,,,,,,,,,,,,,,48.3,48.3,,,,,47.8,47.8,,,,,,,,,,,,,,,,,,,,,,,,,,,,,,,,,,,,,,,,,,,,,,,,,,,,,,,,,,,,,,,,,,,,,,,,,,37.3,26.0,,,,,,,,,,,52.3,54.0,,,,,,,,,,,,,,,,,,,,,,,,,,,,,54.8,,,,,,50.8,,,,,,,,,,,,,,,,,,,,,48.5,,,,,,40.5,,,,,,123,50.5
2293,391162.600,2023-12-21,12:39:04.600,4,9,6,,,,,3,3,,6,2,,,,,,,,,,,,,,,,,,,,,,,,,,,,,39.3,34.3,,,,,51.8,48.5,,51.0,,,,,,53.8,49.0,,,,,43.3,33.3,,,,,50.0,,,,,,,,,42.5,,,48.5,44.5,,49.0,47.3,,,,,,,,,,,,,,,,,,,,,,,,,,,,,,,,,,,,,,,,,,,,,,,,,,,,,,,,,,,,,,,,,,,,,,,,,,,,,,,,,,,,,,,,,,,,,,,,,,,,,,,,,,,,,,,,,,,,,,,50.5,49.3,,,,,,,,,,,,,,,,,,,,,,,,,,,,,,,,,,,,,,,,,,,,48.0,48.3,,,,,47.5,47.8,,,,,,,,,,,,,,,,,,,,,,,,,,,,,,,,,,,,,,,,,,,,,,,,,,,,,,,,,,,,,,,,,,,,,,,,,,37.0,26.3,,,,,,,,,,,52.0,54.3,,,,,,,,,,,,,,,,,,,,,,,,,,,,,54.5,,,,,,50.8,,,,,,,,,,,,,,,,,,,,,48.5,,,,,,40.3,,,,,,123,50.3
2293,391163.100,2023-12-21,12:39:05.100,4,9,6,,5,5,,3,3,,6,2,,,,,,,,,,,,,,,,,,,,,,,,,,,,,38.5,35.0,,,,,51.5,48.3,,50.5,,,,,,53.5,48.8,,,,,42.5,32.8,,,,,49.5,,,,,,,,,42.5,,,48.3,44.5,,48.5,47.3,,,,,,,,,,,,,,,,,,,,,,,,,,,,,,,,,,,42.3,35.5,,,,,,,,,,,55.8,50.8,,51.0,43.5,,33.0,36.3,,,,,,,,,,,51.0,51.3,,,,,,,,,,,,,,,,,,,,,,,,,,,,,,,,,,,,,,,,,,,,,,,,,,,,,50.5,49.3,,,,,,,,,,,,,,,,,,,,,,,,,,,,,,,,,,,,,,,,,,,,48.3,48.0,,,,,47.8,47.8,,,,,,,,,,,,,,,,,,,,,,,,,,,,,,,,,,,,,,,,,,,,,,,,,,,,,,,,,,,,,,,,,,,,,,,,,,36.8,25.3,,,,,,,,,,,52.0,54.3,,,,,,,,,,,,,,,,,,,,,,,,,,,,,54.5,,,,,,50.8,,,,,,,,,,,,,,,,,,,,,48.5,,,,,,40.3,,,,,,123,49.8
2293,391163.600,2023-12-21,12:39:05.600,4,9,6,,,,,3,3,,6,2,,,,,,,,,,,,,,,,,,,,,,,,,,,,,38.3,35.0,,,,,51.3,48.3,,50.3,,,,,,53.3,48.8,,,,,42.5,33.0,,,,,49.3,,,,,,,,,42.3,,,48.0,44.5,,48.3,47.3,,,,,,,,,,,,,,,,,,,,,,,,,,,,,,,,,,,,,,,,,,,,,,,,,,,,,,,,,,,,,,,,,,,,,,,,,,,,,,,,,,,,,,,,,,,,,,,,,,,,,,,,,,,,,,,,,,,,,,,50.8,49.3,,,,,,,,,,,,,,,,,,,,,,,,,,,,,,,,,,,,,,,,,,,,48.3,48.0,,,,,47.8,47.5,,,,,,,,,,,,,,,,,,,,,,,,,,,,,,,,,,,,,,,,,,,,,,,,,,,,,,,,,,,,,,,,,,,,,,,,,,36.8,26.3,,,,,,,,,,,52.3,54.3,,,,,,,,,,,,,,,,,,,,,,,,,,,,,54.5,,,,,,50.8,,,,,,,,,,,,,,,,,,,,,48.8,,,,,,40.0,,,,,,123,49.5
2293,391164.100,2023-12-21,12:39:06.100,4,9,6,,5,5,,3,3,,6,2,,,,,,,,,,,,,,,,,,,,,,,,,,,,,38.5,35.5,,,,,51.5,48.3,,50.3,,,,,,53.3,48.8,,,,,42.5,33.0,,,,,49.3,,,,,,,,,42.5,,,48.0,44.5,,48.3,47.3,,,,,,,,,,,,,,,,,,,,,,,,,,,,,,,,,,,42.3,35.0,,,,,,,,,,,55.5,50.5,,51.0,43.5,,33.3,36.3,,,,,,,,,,,50.8,51.0,,,,,,,,,,,,,,,,,,,,,,,,,,,,,,,,,,,,,,,,,,,,,,,,,,,,,50.5,49.3,,,,,,,,,,,,,,,,,,,,,,,,,,,,,,,,,,,,,,,,,,,,48.3,48.3,,,,,47.8,47.8,,,,,,,,,,,,,,,,,,,,,,,,,,,,,,,,,,,,,,,,,,,,,,,,,,,,,,,,,,,,,,,,,,,,,,,,,,36.5,27.8,,,,,,,,,,,52.0,54.3,,,,,,,,,,,,,,,,,,,,,,,,,,,,,54.3,,,,,,50.8,,,,,,,,,,,,,,,,,,,,,48.8,,,,,,40.0,,,,,,123,49.5
2293,391164.600,2023-12-21,12:39:06.600,4,9,6,,,,,3,3,,6,2,,,,,,,,,,,,,,,,,,,,,,,,,,,,,38.8,36.0,,,,,51.5,48.3,,50.3,,,,,,53.3,48.8,,,,,42.5,32.8,,,,,49.5,,,,,,,,,42.3,,,48.0,44.3,,48.3,47.3,,,,,,,,,,,,,,,,,,,,,,,,,,,,,,,,,,,,,,,,,,,,,,,,,,,,,,,,,,,,,,,,,,,,,,,,,,,,,,,,,,,,,,,,,,,,,,,,,,,,,,,,,,,,,,,,,,,,,,,50.5,49.5,,,,,,,,,,,,,,,,,,,,,,,,,,,,,,,,,,,,,,,,,,,,48.3,48.3,,,,,47.5,47.8,,,,,,,,,,,,,,,,,,,,,,,,,,,,,,,,,,,,,,,,,,,,,,,,,,,,,,,,,,,,,,,,,,,,,,,,,,36.3,27.5,,,,,,,,,,,51.5,54.5,,,,,,,,,,,,,,,,,,,,,,,,,,,,,54.0,,,,,,50.5,,,,,,,,,,,,,,,,,,,,,48.3,,,,,,39.8,,,,,,123,49.8
2293,391165.100,2023-12-21,12:39:07.100,4,9,6,,5,5,,3,3,,6,2,,,,,,,,,,,,,,,,,,,,,,,,,,,,,38.8,36.0,,,,,51.8,48.5,,50.3,,,,,,53.5,49.0,,,,,42.5,33.0,,,,,49.5,,,,,,,,,42.5,,,48.3,44.3,,48.3,47.3,,,,,,,,,,,,,,,,,,,,,,,,,,,,,,,,,,,42.0,36.0,,,,,,,,,,,55.5,50.5,,51.0,43.5,,33.5,36.5,,,,,,,,,,,50.8,51.0,,,,,,,,,,,,,,,,,,,,,,,,,,,,,,,,,,,,,,,,,,,,,,,,,,,,,50.5,49.5,,,,,,,,,,,,,,,,,,,,,,,,,,,,,,,,,,,,,,,,,,,,48.3,48.3,,,,,47.5,47.8,,,,,,,,,,,,,,,,,,,,,,,,,,,,,,,,,,,,,,,,,,,,,,,,,,,,,,,,,,,,,,,,,,,,,,,,,,36.3,27.3,,,,,,,,,,,51.5,54.5,,,,,,,,,,,,,,,,,,,,,,,,,,,,,53.8,,,,,,50.3,,,,,,,,,,,,,,,,,,,,,48.0,,,,,,39.3,,,,,,123,49.8
2293,391165.600,2023-12-21,12:39:07.600,4,9,6,,,,,3,3,,6,2,,,,,,,,,,,,,,,,,,,,,,,,,,,,,38.8,36.5,,,,,51.5,48.3,,50.0,,,,,,53.5,49.0,,,,,42.5,33.3,,,,,49.5,,,,,,,,,42.8,,,48.3,44.3,,48.0,47.5,,,,,,,,,,,,,,,,,,,,,,,,,,,,,,,,,,,,,,,,,,,,,,,,,,,,,,,,,,,,,,,,,,,,,,,,,,,,,,,,,,,,,,,,,,,,,,,,,,,,,,,,,,,,,,,,,,,,,,,50.5,49.5,,,,,,,,,,,,,,,,,,,,,,,,,,,,,,,,,,,,,,,,,,,,48.0,48.3,,,,,47.3,47.8,,,,,,,,,,,,,,,,,,,,,,,,,,,,,,,,,,,,,,,,,,,,,,,,,,,,,,,,,,,,,,,,,,,,,,,,,,36.8,27.5,,,,,,,,,,,51.5,54.8,,,,,,,,,,,,,,,,,,,,,,,,,,,,,53.8,,,,,,50.0,,,,,,,,,,,,,,,,,,,,,48.0,,,,,,38.8,,,,,,123,49.8
2293,391166.100,2023-12-21,12:39:08.100,4,9,6,,5,5,,3,3,,6,2,,,,,,,,,,,,,,,,,,,,,,,,,,,,,38.8,37.0,,,,,51.5,48.3,,50.3,,,,,,53.5,49.0,,,,,42.5,33.3,,,,,49.5,,,,,,,,,42.8,,,48.3,44.5,,48.0,47.5,,,,,,,,,,,,,,,,,,,,,,,,,,,,,,,,,,,41.8,36.0,,,,,,,,,,,55.5,50.5,,51.0,43.5,,33.5,36.5,,,,,,,,,,,50.8,51.3,,,,,,,,,,,,,,,,,,,,,,,,,,,,,,,,,,,,,,,,,,,,,,,,,,,,,50.5,49.5,,,,,,,,,,,,,,,,,,,,,,,,,,,,,,,,,,,,,,,,,,,,48.0,48.3,,,,,47.3,47.8,,,,,,,,,,,,,,,,,,,,,,,,,,,,,,,,,,,,,,,,,,,,,,,,,,,,,,,,,,,,,,,,,,,,,,,,,,36.8,28.3,,,,,,,,,,,51.3,54.8,,,,,,,,,,,,,,,,,,,,,,,,,,,,,53.5,,,,,,50.0,,,,,,,,,,,,,,,,,,,,,47.8,,,,,,38.8,,,,,,123,49.8
2293,391166.600,2023-12-21,12:39:08.600,4,9,6,,,,,3,3,,6,2,,,,,,,,,,,,,,,,,,,,,,,,,,,,,38.5,37.0,,,,,51.5,48.3,,50.5,,,,,,53.5,49.0,,,,,42.5,33.5,,,,,49.5,,,,,,,,,43.0,,,48.3,44.5,,48.0,47.8,,,,,,,,,,,,,,,,,,,,,,,,,,,,,,,,,,,,,,,,,,,,,,,,,,,,,,,,,,,,,,,,,,,,,,,,,,,,,,,,,,,,,,,,,,,,,,,,,,,,,,,,,,,,,,,,,,,,,,,50.5,49.8,,,,,,,,,,,,,,,,,,,,,,,,,,,,,,,,,,,,,,,,,,,,48.3,48.5,,,,,47.5,47.8,,,,,,,,,,,,,,,,,,,,,,,,,,,,,,,,,,,,,,,,,,,,,,,,,,,,,,,,,,,,,,,,,,,,,,,,,,36.8,28.8,,,,,,,,,,,51.5,54.8,,,,,,,,,,,,,,,,,,,,,,,,,,,,,53.8,,,,,,50.3,,,,,,,,,,,,,,,,,,,,,48.0,,,,,,39.0,,,,,,123,49.8
2293,391167.100,2023-12-21,12:39:09.100,4,9,6,,5,5,,3,3,,6,2,,,,,,,,,,,,,,,,,,,,,,,,,,,,,38.5,38.0,,,,,51.5,48.3,,50.5,,,,,,53.5,49.0,,,,,42.5,32.8,,,,,49.5,,,,,,,,,43.0,,,48.5,44.5,,48.0,47.8,,,,,,,,,,,,,,,,,,,,,,,,,,,,,,,,,,,41.5,36.5,,,,,,,,,,,55.8,50.8,,51.0,43.8,,33.8,37.0,,,,,,,,,,,51.0,51.5,,,,,,,,,,,,,,,,,,,,,,,,,,,,,,,,,,,,,,,,,,,,,,,,,,,,,50.5,50.0,,,,,,,,,,,,,,,,,,,,,,,,,,,,,,,,,,,,,,,,,,,,48.3,48.8,,,,,47.5,48.0,,,,,,,,,,,,,,,,,,,,,,,,,,,,,,,,,,,,,,,,,,,,,,,,,,,,,,,,,,,,,,,,,,,,,,,,,,37.3,27.5,,,,,,,,,,,51.8,54.8,,,,,,,,,,,,,,,,,,,,,,,,,,,,,54.3,,,,,,50.5,,,,,,,,,,,,,,,,,,,,,48.3,,,,,,39.5,,,,,,123,49.8
2293,391167.600,2023-12-21,12:39:09.600,4,9,6,,,,,3,3,,6,2,,,,,,,,,,,,,,,,,,,,,,,,,,,,,38.8,38.0,,,,,51.8,48.3,,50.5,,,,,,53.8,49.0,,,,,42.5,33.3,,,,,49.8,,,,,,,,,43.0,,,48.5,44.3,,48.0,47.8,,,,,,,,,,,,,,,,,,,,,,,,,,,,,,,,,,,,,,,,,,,,,,,,,,,,,,,,,,,,,,,,,,,,,,,,,,,,,,,,,,,,,,,,,,,,,,,,,,,,,,,,,,,,,,,,,,,,,,,50.3,50.0,,,,,,,,,,,,,,,,,,,,,,,,,,,,,,,,,,,,,,,,,,,,48.0,48.8,,,,,47.3,48.0,,,,,,,,,,,,,,,,,,,,,,,,,,,,,,,,,,,,,,,,,,,,,,,,,,,,,,,,,,,,,,,,,,,,,,,,,,38.0,27.3,,,,,,,,,,,52.0,54.8,,,,,,,,,,,,,,,,,,,,,,,,,,,,,54.5,,,,,,50.5,,,,,,,,,,,,,,,,,,,,,48.5,,,,,,40.0,,,,,,123,50.0
2293,391168.100,2023-12-21,12:39:10.100,4,9,6,,5,5,,3,3,,6,2,,,,,,,,,,,,,,,,,,,,,,,,,,,,,38.8,37.8,,,,,51.8,48.0,,50.8,,,,,,53.8,48.8,,,,,42.8,33.0,,,,,49.8,,,,,,,,,43.3,,,48.8,44.0,,48.3,47.5,,,,,,,,,,,,,,,,,,,,,,,,,,,,,,,,,,,41.3,36.8,,,,,,,,,,,55.5,50.8,,51.0,44.0,,33.3,37.5,,,,,,,,,,,51.0,51.5,,,,,,,,,,,,,,,,,,,,,,,,,,,,,,,,,,,,,,,,,,,,,,,,,,,,,50.3,49.8,,,,,,,,,,,,,,,,,,,,,,,,,,,,,,,,,,,,,,,,,,,,48.0,48.8,,,,,47.3,48.0,,,,,,,,,,,,,,,,,,,,,,,,,,,,,,,,,,,,,,,,,,,,,,,,,,,,,,,,,,,,,,,,,,,,,,,,,,37.8,26.0,,,,,,,,,,,52.0,54.8,,,,,,,,,,,,,,,,,,,,,,,,,,,,,54.5,,,,,,50.8,,,,,,,,,,,,,,,,,,,,,48.8,,,,,,39.5,,,,,,123,50.0
2293,391168.600,2023-12-21,12:39:10.600,4,9,6,,,,,3,3,,6,2,,,,,,,,,,,,,,,,,,,,,,,,,,,,,39.5,35.0,,,,,51.8,48.3,,50.8,,,,,,53.8,48.8,,,,,43.5,31.3,,,,,49.8,,,,,,,,,43.3,,,48.5,44.0,,48.8,47.5,,,,,,,,,,,,,,,,,,,,,,,,,,,,,,,,,,,,,,,,,,,,,,,,,,,,,,,,,,,,,,,,,,,,,,,,,,,,,,,,,,,,,,,,,,,,,,,,,,,,,,,,,,,,,,,,,,,,,,,50.0,50.0,,,,,,,,,,,,,,,,,,,,,,,,,,,,,,,,,,,,,,,,,,,,48.3,49.0,,,,,47.5,48.0,,,,,,,,,,,,,,,,,,,,,,,,,,,,,,,,,,,,,,,,,,,,,,,,,,,,,,,,,,,,,,,,,,,,,,,,,,37.5,26.0,,,,,,,,,,,51.8,54.8,,,,,,,,,,,,,,,,,,,,,,,,,,,,,54.5,,,,,,50.8,,,,,,,,,,,,,,,,,,,,,49.0,,,,,,40.0,,,,,,123,50.0
2293,391169.100,2023-12-21,12:39:11.100,4,9,6,,5,5,,3,3,,6,2,,,,,,,,,,,,,,,,,,,,,,,,,,,,,39.3,35.3,,,,,51.5,48.5,,50.8,,,,,,53.5,49.0,,,,,43.8,30.5,,,,,49.3,,,,,,,,,42.8,,,49.0,44.3,,49.3,47.8,,,,,,,,,,,,,,,,,,,,,,,,,,,,,,,,,,,42.5,36.8,,,,,,,,,,,55.5,50.3,,50.8,44.5,,35.3,36.8,,,,,,,,,,,50.8,51.5,,,,,,,,,,,,,,,,,,,,,,,,,,,,,,,,,,,,,,,,,,,,,,,,,,,,,50.3,50.3,,,,,,,,,,,,,,,,,,,,,,,,,,,,,,,,,,,,,,,,,,,,48.3,49.3,,,,,47.8,48.0,,,,,,,,,,,,,,,,,,,,,,,,,,,,,,,,,,,,,,,,,,,,,,,,,,,,,,,,,,,,,,,,,,,,,,,,,,37.0,28.3,,,,,,,,,,,52.0,54.8,,,,,,,,,,,,,,,,,,,,,,,,,,,,,54.5,,,,,,51.0,,,,,,,,,,,,,,,,,,,,,49.5,,,,,,39.8,,,,,,123,50.0
2293,391169.600,2023-12-21,12:39:11.600,4,9,6,,,,,3,3,,6,2,,,,,,,,,,,,,,,,,,,,,,,,,,,,,40.3,36.8,,,,,51.8,48.3,,51.0,,,,,,53.8,48.5,,,,,42.3,33.5,,,,,50.0,,,,,,,,,43.3,,,49.0,44.8,,49.5,47.3,,,,,,,,,,,,,,,,,,,,,,,,,,,,,,,,,,,,,,,,,,,,,,,,,,,,,,,,,,,,,,,,,,,,,,,,,,,,,,,,,,,,,,,,,,,,,,,,,,,,,,,,,,,,,,,,,,,,,,,50.5,50.3,,,,,,,,,,,,,,,,,,,,,,,,,,,,,,,,,,,,,,,,,,,,48.3,49.0,,,,,47.0,48.0,,,,,,,,,,,,,,,,,,,,,,,,,,,,,,,,,,,,,,,,,,,,,,,,,,,,,,,,,,,,,,,,,,,,,,,,,,36.8,26.0,,,,,,,,,,,52.3,54.8,,,,,,,,,,,,,,,,,,,,,,,,,,,,,54.5,,,,,,50.5,,,,,,,,,,,,,,,,,,,,,49.3,,,,,,39.3,,,,,,123,50.0
2293,391170.100,2023-12-21,12:39:12.100,4,9,6,,5,5,,3,3,,6,2,,,,,,,,,,,,,,,,,,,,,,,,,,,,,40.3,37.8,,,,,51.8,48.0,,51.0,,,,,,53.5,48.3,,,,,42.3,33.0,,,,,49.8,,,,,,,,,42.3,,,49.0,45.0,,49.3,47.5,,,,,,,,,,,,,,,,,,,,,,,,,,,,,,,,,,,40.3,36.0,,,,,,,,,,,55.8,50.5,,51.0,44.5,,33.0,37.0,,,,,,,,,,,51.3,51.5,,,,,,,,,,,,,,,,,,,,,,,,,,,,,,,,,,,,,,,,,,,,,,,,,,,,,50.0,49.8,,,,,,,,,,,,,,,,,,,,,,,,,,,,,,,,,,,,,,,,,,,,48.3,49.0,,,,,46.3,47.5,,,,,,,,,,,,,,,,,,,,,,,,,,,,,,,,,,,,,,,,,,,,,,,,,,,,,,,,,,,,,,,,,,,,,,,,,,36.0,30.8,,,,,,,,,,,52.3,55.0,,,,,,,,,,,,,,,,,,,,,,,,,,,,,54.5,,,,,,50.0,,,,,,,,,,,,,,,,,,,,,49.5,,,,,,39.8,,,,,,123,50.0
2293,391170.600,2023-12-21,12:39:12.600,4,9,6,,,,,3,3,,6,2,,,,,,,,,,,,,,,,,,,,,,,,,,,,,39.8,38.3,,,,,51.3,48.3,,51.0,,,,,,53.8,48.5,,,,,42.3,32.8,,,,,49.8,,,,,,,,,42.3,,,48.8,44.8,,49.3,47.0,,,,,,,,,,,,,,,,,,,,,,,,,,,,,,,,,,,,,,,,,,,,,,,,,,,,,,,,,,,,,,,,,,,,,,,,,,,,,,,,,,,,,,,,,,,,,,,,,,,,,,,,,,,,,,,,,,,,,,,50.3,49.8,,,,,,,,,,,,,,,,,,,,,,,,,,,,,,,,,,,,,,,,,,,,48.3,48.8,,,,,46.3,47.5,,,,,,,,,,,,,,,,,,,,,,,,,,,,,,,,,,,,,,,,,,,,,,,,,,,,,,,,,,,,,,,,,,,,,,,,,,35.3,31.8,,,,,,,,,,,51.8,54.5,,,,,,,,,,,,,,,,,,,,,,,,,,,,,54.3,,,,,,49.8,,,,,,,,,,,,,,,,,,,,,49.5,,,,,,39.8,,,,,,123,49.8
2293,391171.100,2023-12-21,12:39:13.100,4,9,6,,5,5,,3,3,,6,2,,,,,,,,,,,,,,,,,,,,,,,,,,,,,39.0,38.3,,,,,51.5,48.3,,50.8,,,,,,53.5,48.3,,,,,41.3,34.3,,,,,49.8,,,,,,,,,43.0,,,48.5,44.5,,49.3,46.8,,,,,,,,,,,,,,,,,,,,,,,,,,,,,,,,,,,40.3,36.5,,,,,,,,,,,55.8,50.5,,51.3,44.5,,35.0,37.5,,,,,,,,,,,51.8,51.5,,,,,,,,,,,,,,,,,,,,,,,,,,,,,,,,,,,,,,,,,,,,,,,,,,,,,50.5,49.5,,,,,,,,,,,,,,,,,,,,,,,,,,,,,,,,,,,,,,,,,,,,48.5,48.8,,,,,47.5,47.8,,,,,,,,,,,,,,,,,,,,,,,,,,,,,,,,,,,,,,,,,,,,,,,,,,,,,,,,,,,,,,,,,,,,,,,,,,37.3,25.8,,,,,,,,,,,52.0,54.8,,,,,,,,,,,,,,,,,,,,,,,,,,,,,54.5,,,,,,50.8,,,,,,,,,,,,,,,,,,,,,49.5,,,,,,39.8,,,,,,123,49.8
2293,391171.600,2023-12-21,12:39:13.600,4,9,6,,,,,3,3,,6,2,,,,,,,,,,,,,,,,,,,,,,,,,,,,,39.0,37.5,,,,,51.5,48.5,,50.8,,,,,,53.3,48.5,,,,,42.0,33.3,,,,,50.0,,,,,,,,,43.0,,,48.5,44.8,,49.0,46.8,,,,,,,,,,,,,,,,,,,,,,,,,,,,,,,,,,,,,,,,,,,,,,,,,,,,,,,,,,,,,,,,,,,,,,,,,,,,,,,,,,,,,,,,,,,,,,,,,,,,,,,,,,,,,,,,,,,,,,,50.8,49.5,,,,,,,,,,,,,,,,,,,,,,,,,,,,,,,,,,,,,,,,,,,,48.5,49.0,,,,,48.3,47.8,,,,,,,,,,,,,,,,,,,,,,,,,,,,,,,,,,,,,,,,,,,,,,,,,,,,,,,,,,,,,,,,,,,,,,,,,,38.0,22.3,,,,,,,,,,,52.3,55.0,,,,,,,,,,,,,,,,,,,,,,,,,,,,,54.5,,,,,,51.5,,,,,,,,,,,,,,,,,,,,,49.5,,,,,,41.0,,,,,,123,49.8
2293,391172.100,2023-12-21,12:39:14.100,4,9,6,,5,5,,3,3,,6,2,,,,,,,,,,,,,,,,,,,,,,,,,,,,,39.3,37.3,,,,,51.5,48.8,,50.8,,,,,,53.5,48.8,,,,,41.5,33.3,,,,,50.0,,,,,,,,,43.0,,,48.5,44.8,,49.5,46.8,,,,,,,,,,,,,,,,,,,,,,,,,,,,,,,,,,,41.5,38.5,,,,,,,,,,,55.5,51.0,,51.0,45.0,,34.8,38.0,,,,,,,,,,,51.5,51.8,,,,,,,,,,,,,,,,,,,,,,,,,,,,,,,,,,,,,,,,,,,,,,,,,,,,,51.3,49.5,,,,,,,,,,,,,,,,,,,,,,,,,,,,,,,,,,,,,,,,,,,,49.0,49.3,,,,,48.3,48.0,,,,,,,,,,,,,,,,,,,,,,,,,,,,,,,,,,,,,,,,,,,,,,,,,,,,,,,,,,,,,,,,,,,,,,,,,,37.5,23.3,,,,,,,,,,,51.8,54.8,,,,,,,,,,,,,,,,,,,,,,,,,,,,,54.5,,,,,,51.0,,,,,,,,,,,,,,,,,,,,,49.3,,,,,,40.5,,,,,,123,50.0
2293,391172.600,2023-12-21,12:39:14.600,4,9,6,,,,,3,3,,6,2,,,,,,,,,,,,,,,,,,,,,,,,,,,,,39.5,37.3,,,,,51.5,48.3,,51.0,,,,,,53.5,48.3,,,,,40.8,34.0,,,,,50.3,,,,,,,,,43.0,,,48.8,44.0,,49.5,47.0,,,,,,,,,,,,,,,,,,,,,,,,,,,,,,,,,,,,,,,,,,,,,,,,,,,,,,,,,,,,,,,,,,,,,,,,,,,,,,,,,,,,,,,,,,,,,,,,,,,,,,,,,,,,,,,,,,,,,,,50.8,49.5,,,,,,,,,,,,,,,,,,,,,,,,,,,,,,,,,,,,,,,,,,,,49.0,48.8,,,,,48.3,47.8,,,,,,,,,,,,,,,,,,,,,,,,,,,,,,,,,,,,,,,,,,,,,,,,,,,,,,,,,,,,,,,,,,,,,,,,,,37.0,22.0,,,,,,,,,,,52.0,54.5,,,,,,,,,,,,,,,,,,,,,,,,,,,,,54.8,,,,,,51.0,,,,,,,,,,,,,,,,,,,,,48.8,,,,,,40.5,,,,,,123,50.0
2293,391173.100,2023-12-21,12:39:15.100,4,9,6,,5,5,,3,3,,6,2,,,,,,,,,,,,,,,,,,,,,,,,,,,,,40.0,37.5,,,,,51.8,48.0,,51.0,,,,,,53.5,48.0,,,,,41.0,34.3,,,,,50.5,,,,,,,,,43.0,,,48.8,43.8,,49.5,47.0,,,,,,,,,,,,,,,,,,,,,,,,,,,,,,,,,,,41.8,39.0,,,,,,,,,,,55.8,51.0,,50.5,45.0,,34.3,38.3,,,,,,,,,,,51.8,51.3,,,,,,,,,,,,,,,,,,,,,,,,,,,,,,,,,,,,,,,,,,,,,,,,,,,,,50.8,49.5,,,,,,,,,,,,,,,,,,,,,,,,,,,,,,,,,,,,,,,,,,,,49.0,48.8,,,,,48.0,47.8,,,,,,,,,,,,,,,,,,,,,,,,,,,,,,,,,,,,,,,,,,,,,,,,,,,,,,,,,,,,,,,,,,,,,,,,,,37.0,22.5,,,,,,,,,,,52.0,54.3,,,,,,,,,,,,,,,,,,,,,,,,,,,,,54.5,,,,,,50.8,,,,,,,,,,,,,,,,,,,,,48.3,,,,,,40.3,,,,,,123,50.0
2293,391173.600,2023-12-21,12:39:15.600,4,9,6,,,,,3,3,,6,2,,,,,,,,,,,,,,,,,,,,,,,,,,,,,40.3,37.8,,,,,51.8,48.0,,51.3,,,,,,53.5,48.0,,,,,40.5,34.3,,,,,50.5,,,,,,,,,43.3,,,48.8,43.8,,49.3,47.3,,,,,,,,,,,,,,,,,,,,,,,,,,,,,,,,,,,,,,,,,,,,,,,,,,,,,,,,,,,,,,,,,,,,,,,,,,,,,,,,,,,,,,,,,,,,,,,,,,,,,,,,,,,,,,,,,,,,,,,50.5,49.5,,,,,,,,,,,,,,,,,,,,,,,,,,,,,,,,,,,,,,,,,,,,49.0,48.5,,,,,48.0,47.8,,,,,,,,,,,,,,,,,,,,,,,,,,,,,,,,,,,,,,,,,,,,,,,,,,,,,,,,,,,,,,,,,,,,,,,,,,37.0,22.8,,,,,,,,,,,52.0,54.3,,,,,,,,,,,,,,,,,,,,,,,,,,,,,54.5,,,,,,50.8,,,,,,,,,,,,,,,,,,,,,48.3,,,,,,40.5,,,,,,123,50.0
2293,391174.100,2023-12-21,12:39:16.100,4,9,6,,5,5,,3,3,,6,2,,,,,,,,,,,,,,,,,,,,,,,,,,,,,40.3,38.3,,,,,51.8,48.5,,51.3,,,,,,53.5,48.5,,,,,40.5,34.8,,,,,50.8,,,,,,,,,43.5,,,48.8,44.0,,49.5,47.5,,,,,,,,,,,,,,,,,,,,,,,,,,,,,,,,,,,41.8,39.0,,,,,,,,,,,56.0,50.5,,50.8,44.8,,33.8,38.3,,,,,,,,,,,51.8,51.0,,,,,,,,,,,,,,,,,,,,,,,,,,,,,,,,,,,,,,,,,,,,,,,,,,,,,50.5,49.5,,,,,,,,,,,,,,,,,,,,,,,,,,,,,,,,,,,,,,,,,,,,49.0,48.8,,,,,48.3,48.0,,,,,,,,,,,,,,,,,,,,,,,,,,,,,,,,,,,,,,,,,,,,,,,,,,,,,,,,,,,,,,,,,,,,,,,,,,37.3,24.3,,,,,,,,,,,52.0,54.3,,,,,,,,,,,,,,,,,,,,,,,,,,,,,54.5,,,,,,50.8,,,,,,,,,,,,,,,,,,,,,48.0,,,,,,40.3,,,,,,123,50.0
2293,391174.600,2023-12-21,12:39:16.600,4,9,6,,,,,3,3,,6,2,,,,,,,,,,,,,,,,,,,,,,,,,,,,,40.3,38.3,,,,,52.0,48.5,,51.5,,,,,,53.8,48.5,,,,,41.5,34.3,,,,,50.5,,,,,,,,,43.3,,,49.3,44.5,,49.8,47.3,,,,,,,,,,,,,,,,,,,,,,,,,,,,,,,,,,,,,,,,,,,,,,,,,,,,,,,,,,,,,,,,,,,,,,,,,,,,,,,,,,,,,,,,,,,,,,,,,,,,,,,,,,,,,,,,,,,,,,,50.3,49.8,,,,,,,,,,,,,,,,,,,,,,,,,,,,,,,,,,,,,,,,,,,,48.8,48.8,,,,,47.8,47.8,,,,,,,,,,,,,,,,,,,,,,,,,,,,,,,,,,,,,,,,,,,,,,,,,,,,,,,,,,,,,,,,,,,,,,,,,,36.5,27.0,,,,,,,,,,,51.5,54.0,,,,,,,,,,,,,,,,,,,,,,,,,,,,,54.0,,,,,,50.3,,,,,,,,,,,,,,,,,,,,,48.3,,,,,,39.5,,,,,,123,50.5
2293,391175.100,2023-12-21,12:39:17.100,4,9,6,,5,5,,3,3,,6,2,,,,,,,,,,,,,,,,,,,,,,,,,,,,,40.8,38.3,,,,,52.0,48.5,,51.8,,,,,,54.0,48.5,,,,,42.5,32.0,,,,,50.3,,,,,,,,,43.0,,,49.3,44.3,,50.0,47.3,,,,,,,,,,,,,,,,,,,,,,,,,,,,,,,,,,,39.8,38.3,,,,,,,,,,,56.0,50.8,,50.8,45.3,,35.5,37.3,,,,,,,,,,,51.8,51.0,,,,,,,,,,,,,,,,,,,,,,,,,,,,,,,,,,,,,,,,,,,,,,,,,,,,,51.0,49.8,,,,,,,,,,,,,,,,,,,,,,,,,,,,,,,,,,,,,,,,,,,,49.0,48.8,,,,,48.0,47.0,,,,,,,,,,,,,,,,,,,,,,,,,,,,,,,,,,,,,,,,,,,,,,,,,,,,,,,,,,,,,,,,,,,,,,,,,,36.5,32.5,,,,,,,,,,,51.0,54.0,,,,,,,,,,,,,,,,,,,,,,,,,,,,,53.8,,,,,,50.3,,,,,,,,,,,,,,,,,,,,,48.3,,,,,,38.0,,,,,,123,50.5
2293,391175.600,2023-12-21,12:39:17.600,4,9,6,,,,,3,3,,6,2,,,,,,,,,,,,,,,,,,,,,,,,,,,,,40.5,39.0,,,,,52.0,48.8,,51.5,,,,,,54.0,48.8,,,,,42.8,33.0,,,,,50.3,,,,,,,,,42.5,,,48.5,43.5,,50.0,46.8,,,,,,,,,,,,,,,,,,,,,,,,,,,,,,,,,,,,,,,,,,,,,,,,,,,,,,,,,,,,,,,,,,,,,,,,,,,,,,,,,,,,,,,,,,,,,,,,,,,,,,,,,,,,,,,,,,,,,,,51.5,49.5,,,,,,,,,,,,,,,,,,,,,,,,,,,,,,,,,,,,,,,,,,,,48.8,48.8,,,,,48.3,47.5,,,,,,,,,,,,,,,,,,,,,,,,,,,,,,,,,,,,,,,,,,,,,,,,,,,,,,,,,,,,,,,,,,,,,,,,,,35.8,32.8,,,,,,,,,,,51.0,54.3,,,,,,,,,,,,,,,,,,,,,,,,,,,,,53.3,,,,,,50.0,,,,,,,,,,,,,,,,,,,,,48.5,,,,,,39.8,,,,,,123,50.5
2293,391176.100,2023-12-21,12:39:18.100,4,9,6,,5,5,,3,3,,6,2,,,,,,,,,,,,,,,,,,,,,,,,,,,,,40.5,39.3,,,,,51.8,48.8,,51.3,,,,,,53.8,48.8,,,,,42.8,33.0,,,,,49.8,,,,,,,,,42.3,,,48.5,43.8,,50.0,46.8,,,,,,,,,,,,,,,,,,,,,,,,,,,,,,,,,,,37.8,38.0,,,,,,,,,,,56.0,50.8,,51.0,45.3,,36.5,36.5,,,,,,,,,,,51.8,51.3,,,,,,,,,,,,,,,,,,,,,,,,,,,,,,,,,,,,,,,,,,,,,,,,,,,,,51.3,49.5,,,,,,,,,,,,,,,,,,,,,,,,,,,,,,,,,,,,,,,,,,,,48.8,48.8,,,,,48.0,47.5,,,,,,,,,,,,,,,,,,,,,,,,,,,,,,,,,,,,,,,,,,,,,,,,,,,,,,,,,,,,,,,,,,,,,,,,,,35.8,32.8,,,,,,,,,,,51.0,54.3,,,,,,,,,,,,,,,,,,,,,,,,,,,,,53.5,,,,,,50.3,,,,,,,,,,,,,,,,,,,,,48.5,,,,,,39.5,,,,,,123,50.3
2293,391176.600,2023-12-21,12:39:18.600,4,9,6,,,,,3,3,,6,2,,,,,,,,,,,,,,,,,,,,,,,,,,,,,40.8,39.3,,,,,52.3,48.5,,51.3,,,,,,53.8,48.5,,,,,42.5,31.8,,,,,50.0,,,,,,,,,42.0,,,48.5,44.3,,49.5,47.0,,,,,,,,,,,,,,,,,,,,,,,,,,,,,,,,,,,,,,,,,,,,,,,,,,,,,,,,,,,,,,,,,,,,,,,,,,,,,,,,,,,,,,,,,,,,,,,,,,,,,,,,,,,,,,,,,,,,,,,50.8,49.5,,,,,,,,,,,,,,,,,,,,,,,,,,,,,,,,,,,,,,,,,,,,48.5,48.8,,,,,48.0,47.3,,,,,,,,,,,,,,,,,,,,,,,,,,,,,,,,,,,,,,,,,,,,,,,,,,,,,,,,,,,,,,,,,,,,,,,,,,36.3,33.8,,,,,,,,,,,51.0,53.8,,,,,,,,,,,,,,,,,,,,,,,,,,,,,53.5,,,,,,50.3,,,,,,,,,,,,,,,,,,,,,48.5,,,,,,37.8,,,,,,123,50.0
